Type,Count,Avg_Total_Lat,Avg_Issue_Lat,Not_Taken,Mispredicted,Saturated,Location,Line,Function,Assembly
COND,67280,8.06,7.06,0,0,0,/home/ubuntu/STREAM/stream.c:315,	    c[j] = a[j];,main._omp_fn.4,b.ne #0xd20
COND,67098,6.89,5.89,0,0,0,/home/ubuntu/STREAM/stream.c:335,	    c[j] = a[j]+b[j];,main._omp_fn.6,b.ne #0xc0c
COND,67140,6.60,5.60,0,0,0,/home/ubuntu/STREAM/stream.c:325,	    b[j] = scalar*c[j];,main._omp_fn.5,b.ne #0xc9c
COND,67585,6.22,5.22,0,0,0,/home/ubuntu/STREAM/stream.c:345,	    a[j] = b[j]+scalar*c[j];,main._omp_fn.7,b.ne #0xb78
COND,33996,11.81,10.81,0,0,0,/usr/lib/aarch64-linux-gnu/libgomp.so.1.0.0:0x1e514,(null),???,b.eq #0x1e500
COND,33875,10.88,9.88,33875,0,0,/usr/lib/aarch64-linux-gnu/libgomp.so.1.0.0:0x1e508,(null),???,b.eq #0x1e548
COND,33137,9.27,8.27,0,0,0,/usr/lib/aarch64-linux-gnu/libgomp.so.1.0.0:0x1e264,(null),???,b.eq #0x1e250
COND,33285,6.52,5.52,33285,0,0,/usr/lib/aarch64-linux-gnu/libgomp.so.1.0.0:0x1e258,(null),???,b.eq #0x1e288
COND,4,950.75,949.75,4,0,0,/home/ubuntu/hotline_c/hotline.c:646,???,process_record_buffer,b.hi #0x466ee8
COND,3,1217.67,1216.67,3,0,0,/home/ubuntu/hotline_c/hotline.c:600,???,process_record_buffer,b.hs #0x466ee8
COND,1,2686.00,2685.00,1,0,0,/home/ubuntu/.vscode-server/cli/servers/Stable-2901c5ac6db8a986a5666c3af51ff804d05af0d4/server/node:0x1829a08,(null),_ZN12v8_inspector18V8InspectorSession17canDispatchMethodENS_10StringViewE,ldr x19  [sp  #0x10]
COND,2,960.00,959.00,2,0,0,/home/ubuntu/hotline_c/hotline.c:617,???,process_record_buffer,b.eq #0x466fa0
COND,64,22.31,21.31,40,0,0,/usr/lib/aarch64-linux-gnu/../sysdeps/aarch64/strcmp.S:90,???,???,b.eq #0x90020
COND,40,26.95,25.95,0,0,0,/home/ubuntu/hotline_c/hotline.c:278,???,add_global_filename,cbnz w0  #0x466578
COND,3,347.67,346.67,3,0,0,/home/ubuntu/hotline_c/hotline.c:610,???,process_record_buffer,b.hi #0x466ee8
IND,1,1012.00,1011.00,0,1,0,/usr/lib/aarch64-linux-gnu/libgomp.so.1.0.0:0x1e544,(null),???,ret 
COND,46,17.22,16.22,46,0,0,/usr/lib/aarch64-linux-gnu/../sysdeps/aarch64/strcmp.S:71,???,???,b.ne #0x90094
COND,44,16.55,15.55,44,0,0,/usr/lib/aarch64-linux-gnu/../sysdeps/aarch64/strcmp.S:72,???,???,cbnz x6  #0x90070
IND,39,14.69,13.69,0,0,0,/home/ubuntu/aperf:0x28d1ec,(null),???,???
COND,44,12.41,11.41,44,0,0,/home/ubuntu/hotline_c/hotline.c:277,???,add_global_filename,b.hs #0x4665b0
COND,13,23.46,22.46,9,0,0,/home/ubuntu/hotline_c/hotline.c:223,???,vm_spe_btree_compare,b.lo #0x4660d0
IND,42,6.17,5.17,0,0,0,/usr/lib/aarch64-linux-gnu/../sysdeps/aarch64/strcmp.S:113,???,???,ret 
IND,43,6.00,5.00,0,0,0,/home/ubuntu/hotline_c/hotline.c:278,???,add_global_filename,bl #0x28d1e0
COND,4,48.75,47.75,0,0,0,/home/ubuntu/hotline_c/hotline.c:617,???,process_record_buffer,b.eq #0x466f68
COND,3,59.67,58.67,3,0,0,/home/ubuntu/hotline_c/hotline.c:610,???,process_record_buffer,cbz w0  #0x466ee8
COND,7,22.29,21.29,5,0,0,/home/ubuntu/hotline_c/hotline.c:225,???,vm_spe_btree_compare,b.hi #0x4660cc
COND,1,150.00,149.00,1,0,0,/usr/lib/aarch64-linux-gnu/libgomp.so.1.0.0:0x3635c,(null),???,cbz w16  #0x36368
COND,5,23.20,22.20,1,1,0,/home/ubuntu/hotline_c/hotline.c:230,???,vm_spe_btree_compare,b.gt #0x4660cc
IND,11,10.45,9.45,0,0,0,/home/ubuntu/hotline_c/btree.c:207,???,btree_node_bsearch,blr x4
COND,1,112.00,111.00,1,0,0,/usr/lib/aarch64-linux-gnu/malloc/malloc.c:4000,???,???,b.ls #0x8c638
COND,11,9.09,8.09,1,0,0,/home/ubuntu/.vscode-server/cli/servers/Stable-2901c5ac6db8a986a5666c3af51ff804d05af0d4/server/node:0xbfe928,(null),???,???
COND,1,88.00,87.00,1,0,0,/usr/lib/aarch64-linux-gnu/nptl/pthread_rwlock_common.c:254,???,???,b.ne #0x83a8c
COND,4,20.75,19.75,3,0,0,/home/ubuntu/hotline_c/hotline.c:228,???,vm_spe_btree_compare,b.lt #0x4660cc
COND,10,7.20,6.20,8,0,0,/home/ubuntu/hotline_c/btree.c:219,???,btree_node_bsearch,cbz w0  #0x4678f8
COND,5,12.80,11.80,2,0,0,/home/ubuntu/hotline_c/btree.c:215,???,btree_node_bsearch,b.hi #0x467894
COND,4,13.75,12.75,4,0,0,/home/ubuntu/hotline_c/btree.c:215,???,btree_node_bsearch,cbz x22  #0x46791c
IND,5,10.80,9.80,0,0,0,/home/ubuntu/aperf:0x28c83c,(null),???,???
COND,1,53.00,52.00,0,0,0,/home/ubuntu/hotline_c/hotline.c:684,???,process_record_buffer,tbz w1  #0xd  #0x466ed8
COND,2,25.00,24.00,1,0,0,/home/ubuntu/.vscode-server/cli/servers/Stable-2901c5ac6db8a986a5666c3af51ff804d05af0d4/server/node:0xbfe404,(null),???,???
COND,2,24.50,23.50,2,0,0,/home/ubuntu/hotline_c/btree.c:625,???,btree_set0,b.ne #0x468560
COND,2,23.50,22.50,2,0,0,/home/ubuntu/hotline_c/btree.c:559,???,btree_node_set,b.ne #0x468284
COND,1,42.00,41.00,1,0,0,/home/ubuntu/.vscode-server/cli/servers/Stable-2901c5ac6db8a986a5666c3af51ff804d05af0d4/server/node:0x24469c4,(null),_ZN7ncrypto6Cipher7FromCtxERKNS_16CipherCtxPointerE,ret 
COND,4,10.50,9.50,3,0,0,/home/ubuntu/hotline_c/btree.c:215,???,btree_node_bsearch,b.ls #0x4678d0
COND,1,41.00,40.00,1,0,0,/usr/lib/aarch64-linux-gnu/malloc/malloc.c:1343,???,???,tbnz x20  #0x3f  #0x8d740
COND,2,18.50,17.50,2,0,0,/home/ubuntu/hotline_c/btree.c:525,???,btree_node_set,cbnz w3  #0x468240
COND,2,18.00,17.00,2,0,0,/home/ubuntu/hotline_c/hotline.c:327,???,get_pid_maps,cbz x22  #0x466750
COND,3,12.00,11.00,3,0,0,/home/ubuntu/hotline_c/btree.c:481,???,btree_search,cbnz x5  #0x46796c
IND,6,5.83,4.83,0,0,0,/home/ubuntu/hotline_c/hotline.c:239,???,vm_spe_btree_compare,ret 
COND,1,34.00,33.00,0,0,0,/home/ubuntu/.vscode-server/cli/servers/Stable-2901c5ac6db8a986a5666c3af51ff804d05af0d4/server/node:0x1aee9a0,(null),_ZN2v88internal4wasm7fuzzing12_GLOBAL__N_113WasmGeneratorILNS2_27WasmModuleGenerationOptionsE1EE5memopILNS1_10WasmOpcodeE47EJEEEvPNS3_9DataRangeE,ldr w24  [sp  #0x5c]
COND,1,33.00,32.00,0,0,0,/home/ubuntu/hotline_c/btree.c:537,???,btree_node_set,b.le #0x46822c
COND,2,15.50,14.50,2,0,0,/usr/lib/aarch64-linux-gnu/malloc/malloc.c:4009,???,???,b.ne #0x8c878
COND,2,15.50,14.50,0,0,0,/home/ubuntu/.vscode-server/cli/servers/Stable-2901c5ac6db8a986a5666c3af51ff804d05af0d4/server/node:0xbfe874,(null),???,???
COND,1,30.00,29.00,0,0,0,/home/ubuntu/.vscode-server/cli/servers/Stable-2901c5ac6db8a986a5666c3af51ff804d05af0d4/server/node:0x241a390,(null),HUF_decompress1X2_usingDTable_internal.constprop.0,lsr w8  w3  #3
COND,1,29.00,28.00,0,0,0,/home/ubuntu/.vscode-server/cli/servers/Stable-2901c5ac6db8a986a5666c3af51ff804d05af0d4/server/node:0xbfe0dc,(null),???,???
COND,1,28.00,27.00,1,0,0,/home/ubuntu/hotline_c/hotline.c:899,???,process_aux_record,b.ne #0x467450
COND,1,27.00,26.00,0,0,0,/home/ubuntu/hotline_c/hotline.c:600,???,process_record_buffer,b.lo #0x466e88
COND,2,13.00,12.00,2,0,0,/usr/lib/aarch64-linux-gnu/../sysdeps/aarch64/multiarch/memcpy_advsimd.S:158,???,???,b.ls #0x97ee0
COND,1,25.00,24.00,1,0,0,/home/ubuntu/.vscode-server/cli/servers/Stable-2901c5ac6db8a986a5666c3af51ff804d05af0d4/server/node:0x17c669c,(null),_ZN2v88internal14TemporalParser29ParseTimeZoneNumericUTCOffsetEPNS0_7IsolateENS0_6HandleINS0_6StringEEE,stp x2  x3  [sp  #0xa0]
COND,2,12.50,11.50,1,0,0,/home/ubuntu/hotline_c/btree.c:222,???,btree_node_bsearch,b.ge #0x467888
COND,1,25.00,24.00,1,0,0,/home/ubuntu/.rustup/toolchains/stable-aarch64-unknown-linux-gnu/lib/rustlib/src/rust/library/core/src/slice/iter/macros.rs:179,???,_ZN91_$LT$core..slice..iter..Iter$LT$T$GT$$u20$as$u20$core..iter..traits..iterator..Iterator$GT$4next17h7b906c1c9f7b29edE,b.eq #0xdb5180
COND,1,24.00,23.00,1,0,0,/home/ubuntu/.vscode-server/cli/servers/Stable-2901c5ac6db8a986a5666c3af51ff804d05af0d4/server/node:0xbfe0d4,(null),???,???
COND,1,23.00,22.00,1,0,0,/usr/lib/aarch64-linux-gnu/malloc/malloc.c:3928,???,???,b.lo #0x8c134
COND,1,23.00,22.00,0,0,0,/home/ubuntu/.vscode-server/cli/servers/Stable-2901c5ac6db8a986a5666c3af51ff804d05af0d4/server/node:0xe0d868,(null),_GLOBAL__sub_I__ZN2v88internal4wasm22DisjointAllocationPool5MergeENS_4base13AddressRegionE,str x19  [sp  #0x10]
COND,1,23.00,22.00,0,0,0,/home/ubuntu/.vscode-server/cli/servers/Stable-2901c5ac6db8a986a5666c3af51ff804d05af0d4/server/node:0x1ae8778,(null),_ZN2v88internal4wasm7fuzzing12_GLOBAL__N_113WasmGeneratorILNS2_27WasmModuleGenerationOptionsE1EE14op_with_prefixILNS1_10WasmOpcodeE64881EJLNS1_9ValueKindE5ELS9_5EEEEvPNS3_9DataRangeE,add w0  w0  #1
COND,1,23.00,22.00,0,0,0,/home/ubuntu/.vscode-server/cli/servers/Stable-2901c5ac6db8a986a5666c3af51ff804d05af0d4/server/node:0x1afe120,(null),_ZN2v88internal4wasm7fuzzing24GenerateRandomWasmModuleILNS2_27WasmModuleGenerationOptionsE0EEENS_4base6VectorIhEEPNS0_4ZoneENS6_IKhEE,stp x8  x9  [sp  #0xe0]
COND,1,23.00,22.00,0,0,0,/home/ubuntu/hotline_c/btree.c:588,???,btree_set0,cbz x2  #0x468554
COND,1,22.00,21.00,0,0,0,/usr/lib/aarch64-linux-gnu/malloc/malloc.c:4548,???,???,b.ne #0x8b208
COND,1,22.00,21.00,1,0,0,/home/ubuntu/.vscode-server/cli/servers/Stable-2901c5ac6db8a986a5666c3af51ff804d05af0d4/server/node:0xbfe0d0,(null),???,???
COND,1,22.00,21.00,0,0,0,/home/ubuntu/.rustup/toolchains/stable-aarch64-unknown-linux-gnu/lib/rustlib/src/rust/library/core/src/option.rs:976,???,_ZN81_$LT$aperf..data..processes..ProcessesRaw$u20$as$u20$aperf..data..CollectData$GT$12collect_data17hfa8ab6ad9e8cc3a0E,tbnz w8  #0  #0x3b58cc
COND,2,11.00,10.00,2,0,0,/home/ubuntu/hotline_c/hotline.c:567,???,tsc_to_perf_time,cbz w2  #0x466dd8
IND,2,11.00,10.00,0,0,0,/home/ubuntu/hotline_c/btree.c:559,???,btree_node_set,ret 
COND,1,21.00,20.00,0,0,0,/usr/lib/aarch64-linux-gnu/stdio-common/vfscanf-internal.c:381,???,???,cbnz w1  #0x52a00
COND,1,21.00,20.00,0,0,0,/home/ubuntu/.rustup/toolchains/stable-aarch64-unknown-linux-gnu/lib/rustlib/src/rust/library/core/src/slice/raw.rs:136,???,_ZN4core5slice3raw14from_raw_parts18precondition_check17hff82b08b3d74beadE,b.ls #0xcfda64
IND,3,6.67,5.67,0,0,0,/usr/include/aarch64-linux-gnu/bits/string_fortified.h:29,  return __builtin___memcpy_chk (__dest, __src, __len,,btree_node_set,bl #0x28c830
COND,1,20.00,19.00,0,0,0,/home/ubuntu/.rustup/toolchains/stable-aarch64-unknown-linux-gnu/lib/rustlib/src/rust/library/core/src/intrinsics/mod.rs:3747,???,_ZN4core10intrinsics19copy_nonoverlapping18precondition_check17h84f661f46bcccd4dE,tbnz w8  #0  #0xcfc434
COND,1,19.00,18.00,1,0,0,/usr/lib/aarch64-linux-gnu/malloc/malloc.c:4372,???,???,b.lo #0x8cc3c
COND,2,9.50,8.50,0,0,0,/usr/lib/aarch64-linux-gnu/malloc/malloc.c:3368,???,???,tbz w0  #1  #0x8dc34
COND,3,6.33,5.33,3,0,0,/usr/lib/aarch64-linux-gnu/../sysdeps/aarch64/multiarch/memcpy_advsimd.S:74,???,???,b.hi #0x97e98
COND,1,19.00,18.00,1,0,0,/home/ubuntu/.vscode-server/cli/servers/Stable-2901c5ac6db8a986a5666c3af51ff804d05af0d4/server/node:0x1087c40,(null),_ZN4node9inspector12_GLOBAL__N_126SameThreadInspectorSession8DispatchERKN12v8_inspector10StringViewE,stp xzr  xzr  [sp  #0x70]
COND,1,19.00,18.00,1,0,0,/home/ubuntu/.vscode-server/cli/servers/Stable-2901c5ac6db8a986a5666c3af51ff804d05af0d4/server/node:0x227a62c,(null),BrotliPopulationCostDistance,mov x5  x4
COND,1,19.00,18.00,1,0,0,/home/ubuntu/.vscode-server/cli/servers/Stable-2901c5ac6db8a986a5666c3af51ff804d05af0d4/server/node:0x241e6e4,(null),HUF_readDTableX1_wksp,shl v17.2d  v23.2d  #0x10
COND,1,19.00,18.00,1,0,0,/home/ubuntu/.vscode-server/cli/servers/Stable-2901c5ac6db8a986a5666c3af51ff804d05af0d4/server/node:0x2504b6c,(null),ures_openFillIn_76,sub w1  w1  #1
COND,1,19.00,18.00,0,0,0,/home/ubuntu/hotline_c/btree.c:637,???,btree_get0,cbz w5  #0x467b28
COND,1,18.00,17.00,1,0,0,/home/ubuntu/.vscode-server/code-2901c5ac6db8a986a5666c3af51ff804d05af0d4:0xaa0ca8,(null),???,ldp x22  x21  [sp  #0x20]
COND,1,18.00,17.00,0,1,0,/home/ubuntu/.vscode-server/cli/servers/Stable-2901c5ac6db8a986a5666c3af51ff804d05af0d4/server/node:0x11e3880,(null),_ZN2v88internal40Builtin_TemporalDurationPrototypeSecondsEiPmPNS0_7IsolateE,add w0  w0  #1
IND,3,6.00,5.00,0,0,0,/home/ubuntu/.vscode-server/cli/servers/Stable-2901c5ac6db8a986a5666c3af51ff804d05af0d4/server/node:0x1aebc60,(null),_ZN2v88internal4wasm7fuzzing12_GLOBAL__N_113WasmGeneratorILNS2_27WasmModuleGenerationOptionsE1EE14op_with_prefixILNS1_10WasmOpcodeE64958EJLNS1_9ValueKindE5ELS9_5EEEEvPNS3_9DataRangeE,mov x0  x19
COND,1,18.00,17.00,1,0,0,/home/ubuntu/aperf:0xe3c7f4,(null),_ZN5alloc7raw_vec20RawVecInner$LT$A$GT$10deallocate17haf75e110a66311adE,cbz x1  #0xe3c804
COND,1,17.00,16.00,1,0,0,/home/ubuntu/.vscode-server/cli/servers/Stable-2901c5ac6db8a986a5666c3af51ff804d05af0d4/server/node:0x1b8f418,(null),_ZN5cppgc8internal20PersistentRegionLock12AssertLockedEv,blr x3
IND,1,17.00,16.00,0,0,0,/home/ubuntu/.vscode-server/cli/servers/Stable-2901c5ac6db8a986a5666c3af51ff804d05af0d4/server/node:0x2457388,(null),_ZN6icu_7613LocaleBuilder10setVariantENS_11StringPieceE,str w0  [x20  #8]
COND,1,17.00,16.00,1,0,0,/home/ubuntu/hotline_c/hotline.c:556,???,parse_spe_record,b.ne #0x466dbc
COND,1,17.00,16.00,1,0,0,/home/ubuntu/.cargo/registry/src/index.crates.io-1949cf8c6b5b557f/perf-event-data-0.1.2/src/parse.rs:437,???,_ZN15perf_event_data5parse19Parser$LT$B$C$E$GT$11parse_slice17hd7533d6e39ec7dfdE,tbz w8  #0  #0xcf0f68
COND,1,16.00,15.00,1,0,0,/usr/lib/aarch64-linux-gnu/malloc/malloc.c:3385,???,???,cbz x3  #0x8dcb0
IND,1,16.00,15.00,0,0,0,/home/ubuntu/.vscode-server/cli/servers/Stable-2901c5ac6db8a986a5666c3af51ff804d05af0d4/server/node:0x1aeb2f0,(null),_ZN2v88internal4wasm7fuzzing12_GLOBAL__N_113WasmGeneratorILNS2_27WasmModuleGenerationOptionsE3EE14op_with_prefixILNS1_10WasmOpcodeE64889EJLNS1_9ValueKindE5ELS9_5EEEEvPNS3_9DataRangeE,mov x0  x19
COND,1,16.00,15.00,1,0,0,/home/ubuntu/.vscode-server/cli/servers/Stable-2901c5ac6db8a986a5666c3af51ff804d05af0d4/server/node:0x1aebbf4,(null),_ZN2v88internal4wasm7fuzzing12_GLOBAL__N_113WasmGeneratorILNS2_27WasmModuleGenerationOptionsE1EE14op_with_prefixILNS1_10WasmOpcodeE64958EJLNS1_9ValueKindE5ELS9_5EEEEvPNS3_9DataRangeE,mov x29  sp
COND,1,16.00,15.00,1,0,0,/home/ubuntu/hotline_c/btree.c:630,???,btree_get0,cbz x19  #0x467b78
COND,1,16.00,15.00,0,0,0,/home/ubuntu/.rustup/toolchains/stable-aarch64-unknown-linux-gnu/lib/rustlib/src/rust/library/alloc/src/vec/mod.rs:3546,???,_ZN5alloc3vec16Vec$LT$T$C$A$GT$16extend_desugared17h8dcfe8931b636977E,tbz w8  #0  #0xcf9aa8
COND,1,16.00,15.00,1,0,0,/home/ubuntu/aperf:0xe3c7ec,(null),_ZN5alloc7raw_vec20RawVecInner$LT$A$GT$10deallocate17haf75e110a66311adE,cbz x2  #0xe3c804
IND,1,15.00,14.00,0,0,0,/usr/lib/aarch64-linux-gnu/malloc/malloc.c:3395,???,???,ret 
COND,1,15.00,14.00,1,0,0,/home/ubuntu/.vscode-server/cli/servers/Stable-2901c5ac6db8a986a5666c3af51ff804d05af0d4/server/node:0xd74310,(null),???,???
IND,3,5.00,4.00,0,0,0,/home/ubuntu/hotline_c/btree.c:213,???,btree_node_bsearch,b #0x467894
COND,1,15.00,14.00,1,0,0,/home/ubuntu/.rustup/toolchains/stable-aarch64-unknown-linux-gnu/lib/rustlib/src/rust/library/core/src/alloc/layout.rs:111,???,_ZN4core5alloc6layout6Layout13repeat_packed17h2aaaeee6d2b694daE,b.hi #0x969400
COND,1,15.00,14.00,0,0,0,/home/ubuntu/.rustup/toolchains/stable-aarch64-unknown-linux-gnu/lib/rustlib/src/rust/library/core/src/result.rs:2009,???,_ZN79_$LT$core..result..Result$LT$T$C$E$GT$$u20$as$u20$core..ops..try_trait..Try$GT$6branch17hda68aac8e1207916E,tbz w8  #0  #0xcf0420
IND,1,15.00,14.00,0,0,0,/home/ubuntu/.rustup/toolchains/stable-aarch64-unknown-linux-gnu/lib/rustlib/src/rust/library/core/src/iter/traits/iterator.rs:2844,???,_ZN4core4iter6traits8iterator8Iterator4find5check28_$u7b$$u7b$closure$u7d$$u7d$17h6e1666f5356164bbE,ret 
COND,1,14.00,13.00,1,0,0,/usr/lib/aarch64-linux-gnu/malloc/malloc.c:4450,???,???,cbz x3  #0x8afdc
COND,1,14.00,13.00,0,0,0,/usr/lib/aarch64-linux-gnu/malloc/malloc.c:4534,???,???,cbnz w1  #0x8b1f4
COND,1,14.00,13.00,1,0,0,/usr/lib/aarch64-linux-gnu/malloc/malloc.c:4590,???,???,tbz w0  #0  #0x8b684
COND,1,14.00,13.00,0,0,0,/usr/lib/aarch64-linux-gnu/malloc/malloc.c:4672,???,???,b.hi #0x8b378
IND,1,14.00,13.00,0,0,0,/home/ubuntu/.vscode-server/cli/servers/Stable-2901c5ac6db8a986a5666c3af51ff804d05af0d4/server/node:0xbfe9c8,(null),???,???
COND,1,14.00,13.00,1,0,0,/home/ubuntu/.vscode-server/cli/servers/Stable-2901c5ac6db8a986a5666c3af51ff804d05af0d4/server/node:0x24fbd9c,(null),uprops_addPropertyStarts_76,add w1  w21  #1
IND,1,14.00,13.00,0,0,0,/usr/lib/aarch64-linux-gnu/libstdc++.so.6.0.30:0x9d52c,(null),???,???
IND,1,14.00,13.00,0,0,0,/home/ubuntu/hotline_c/hotline.c:305,???,add_global_filename,ret 
IND,1,13.00,12.00,0,0,0,/usr/lib/aarch64-linux-gnu/stdio-common/vfscanf-internal.c:509,???,???,b #0x52d58
COND,1,13.00,12.00,1,0,0,/usr/lib/aarch64-linux-gnu/malloc/malloc.c:2005,???,???,cbnz w1  #0x8cb68
COND,1,13.00,12.00,1,0,0,/usr/lib/aarch64-linux-gnu/libc.so.6:0x12fdfc,(null),???,cbz w16  #0x12fe08
COND,1,13.00,12.00,1,0,0,/home/ubuntu/.vscode-server/cli/servers/Stable-2901c5ac6db8a986a5666c3af51ff804d05af0d4/server/node:0x1a91470,(null),_ZN2v88internal4wasm10ZoneBuffer10write_u32vEj,str x3  [x22  #0x10]
COND,1,13.00,12.00,1,0,0,/home/ubuntu/hotline_c/hotline.c:388,???,pc_to_file_offset,b.hi #0x4668b0
COND,1,13.00,12.00,1,0,0,/home/ubuntu/library/core/src/fmt/num.rs:247,???,_ZN4core3fmt3num3imp21_$LT$impl$u20$u64$GT$4_fmt17hdc48377a025baecbE,b.lo #0xe58810
COND,1,12.00,11.00,1,0,0,/home/ubuntu/.vscode-server/cli/servers/Stable-2901c5ac6db8a986a5666c3af51ff804d05af0d4/server/node:0x11e66a0,(null),_ZN2v88internal35Builtin_TemporalCalendarConstructorEiPmPNS0_7IsolateE,sub x1  x1  x4
COND,1,12.00,11.00,0,0,0,/home/ubuntu/.vscode-server/cli/servers/Stable-2901c5ac6db8a986a5666c3af51ff804d05af0d4/server/node:0x241f620,(null),HUF_readDTableX2_wksp,b.eq #0x241f720
COND,1,12.00,11.00,1,0,0,/home/ubuntu/.vscode-server/extensions/ms-vscode.cpptools-1.26.3-linux-arm64/bin/cpptools:0xec816c,(null),_ZL31create_pack_instantiation_descrP22a_pack_expansion_descrP16a_template_paramP14a_template_argiiiP12a_ctws_statePi.constprop.0,b #0xec7eec
COND,2,6.00,5.00,0,0,0,/home/ubuntu/hotline_c/hotline.c:387,???,pc_to_file_offset,b.ne #0x466880
IND,1,12.00,11.00,0,0,0,/home/ubuntu/hotline_c/hotline.c:899,???,process_aux_record,ret 
IND,2,6.00,5.00,0,0,0,/home/ubuntu/hotline_c/hotline.c:745,???,process_aux_buffer,bl #0x466cd0
IND,1,12.00,11.00,0,0,0,/home/ubuntu/src/group_data.rs:189,???,_ZN108_$LT$perf_event..group_data..GroupData$u20$as$u20$core..ops..index..Index$LT$$RF$perf_event..Counter$GT$$GT$5index28_$u7b$$u7b$closure$u7d$$u7d$17hcacd4d91be22676eE,ret 
IND,1,11.00,10.00,0,0,0,/usr/lib/aarch64-linux-gnu/malloc/malloc.c:4702,???,???,ret 
COND,1,11.00,10.00,1,0,0,/usr/lib/aarch64-linux-gnu/malloc/malloc.c:3857,???,???,b.ne #0x8ca74
COND,1,11.00,10.00,1,0,0,/home/ubuntu/.vscode-server/cli/servers/Stable-2901c5ac6db8a986a5666c3af51ff804d05af0d4/server/node:0x18b5050,(null),_ZN2v88internal4wasm11AsmJsParser20RelationalExpressionEv,stp x29  x30  [sp  #-0x30]!
IND,1,11.00,10.00,0,0,0,/home/ubuntu/.vscode-server/cli/servers/Stable-2901c5ac6db8a986a5666c3af51ff804d05af0d4/server/node:0x1ae9bbc,(null),_ZN2v88internal4wasm7fuzzing12_GLOBAL__N_113WasmGeneratorILNS2_27WasmModuleGenerationOptionsE1EE14op_with_prefixILNS1_10WasmOpcodeE64846EJLNS1_9ValueKindE5ELS9_5EEEEvPNS3_9DataRangeE,mov x1  x20
IND,1,11.00,10.00,0,0,0,/home/ubuntu/.vscode-server/cli/servers/Stable-2901c5ac6db8a986a5666c3af51ff804d05af0d4/server/node:0x1aeb328,(null),_ZN2v88internal4wasm7fuzzing12_GLOBAL__N_113WasmGeneratorILNS2_27WasmModuleGenerationOptionsE3EE14op_with_prefixILNS1_10WasmOpcodeE64817EJLNS1_9ValueKindE5ELS9_5EEEEvPNS3_9DataRangeE,stp x19  x20  [sp  #0x10]
COND,1,11.00,10.00,1,0,0,/usr/lib/aarch64-linux-gnu/libgomp.so.1.0.0:0x1b940,(null),???,cbz x19  #0x1b860
IND,1,11.00,10.00,0,0,0,/home/ubuntu/aperf:0x28c59c,(null),???,???
IND,2,5.50,4.50,0,0,0,/home/ubuntu/hotline_c/hotline.c:239,???,vm_spe_btree_compare,ret 
IND,2,5.50,4.50,0,0,0,/home/ubuntu/hotline_c/hotline.c:574,???,tsc_to_perf_time,ret 
COND,2,5.50,4.50,0,0,0,/home/ubuntu/hotline_c/btree.c:540,???,btree_node_set,b.ls #0x468274
COND,1,11.00,10.00,1,0,0,/home/ubuntu/.rustup/toolchains/stable-aarch64-unknown-linux-gnu/lib/rustlib/src/rust/library/core/src/str/traits.rs:205,???,_ZN4core3str6traits108_$LT$impl$u20$core..slice..index..SliceIndex$LT$str$GT$$u20$for$u20$core..ops..range..Range$LT$usize$GT$$GT$13get_unchecked18precondition_check17ha79f6780ab144810E,b.hi #0xde5f44
COND,1,10.00,9.00,1,0,0,/usr/lib/aarch64-linux-gnu/../stdlib/strtol_l.c:463,???,???,b.ge #0x3ef4c
COND,1,10.00,9.00,1,0,0,/usr/lib/aarch64-linux-gnu/malloc/malloc.c:4438,???,???,b.ne #0x8b2a4
COND,1,10.00,9.00,1,0,0,/usr/lib/aarch64-linux-gnu/malloc/malloc.c:3356,???,???,cbz x0  #0x8dcac
COND,1,10.00,9.00,0,0,0,/usr/lib/aarch64-linux-gnu/../sysdeps/aarch64/multiarch/memcpy_advsimd.S:80,???,???,b.lo #0x97df8
COND,2,5.00,4.00,2,0,0,/usr/lib/aarch64-linux-gnu/../sysdeps/aarch64/multiarch/memcpy_advsimd.S:124,???,???,b.hi #0x97e70
IND,2,5.00,4.00,0,0,0,/usr/lib/aarch64-linux-gnu/../sysdeps/aarch64/multiarch/memcpy_advsimd.S:127,???,???,ret 
COND,1,10.00,9.00,0,0,0,/home/ubuntu/.vscode-server/cli/servers/Stable-2901c5ac6db8a986a5666c3af51ff804d05af0d4/server/node:0xbf2ab4,(null),???,???
IND,2,5.00,4.00,0,0,0,/home/ubuntu/.vscode-server/cli/servers/Stable-2901c5ac6db8a986a5666c3af51ff804d05af0d4/server/node:0x1aeb290,(null),_ZN2v88internal4wasm7fuzzing12_GLOBAL__N_113WasmGeneratorILNS2_27WasmModuleGenerationOptionsE3EE14op_with_prefixILNS1_10WasmOpcodeE64889EJLNS1_9ValueKindE5ELS9_5EEEEvPNS3_9DataRangeE,str w0  [x19  #0x70]
COND,1,10.00,9.00,0,1,0,/home/ubuntu/.vscode-server/cli/servers/Stable-2901c5ac6db8a986a5666c3af51ff804d05af0d4/server/node:0x2278090,(null),BrotliCreateHqZopfliBackwardReferences,rbit x1  x1
IND,1,10.00,9.00,0,0,0,/home/ubuntu/hotline_c/hotline.c:556,???,parse_spe_record,ret 
COND,1,10.00,9.00,1,0,0,/home/ubuntu/hotline_c/hotline.c:845,???,process_aux_record,b.hi #0x4673c0
IND,2,5.00,4.00,0,0,0,/home/ubuntu/hotline_c/btree.c:836,???,btree_get,b #0x467ae0
COND,1,10.00,9.00,1,0,0,/home/ubuntu/.rustup/toolchains/stable-aarch64-unknown-linux-gnu/lib/rustlib/src/rust/library/core/src/char/methods.rs:1003,???,_ZN4core4char7methods22_$LT$impl$u20$char$GT$10is_numeric17hb9b523208987101aE,b.hi #0x4bf1dc
COND,1,10.00,9.00,0,0,0,/home/ubuntu/.cargo/registry/src/index.crates.io-1949cf8c6b5b557f/perf-event-data-0.1.2/src/records/read.rs:438,???,_ZN91_$LT$perf_event_data..records..read..ReadGroup$u20$as$u20$perf_event_data..parse..Parse$GT$5parse17h2d0aec4ef6bfb644E,tbz w8  #0  #0xcf08a0
COND,1,10.00,9.00,0,0,0,/home/ubuntu/.cargo/registry/src/index.crates.io-1949cf8c6b5b557f/perf-event-data-0.1.2/src/parse.rs:279,???,_ZN15perf_event_data5parse19Parser$LT$B$C$E$GT$11parse_array17hdbbb8551646fbf55E,tbz w8  #0  #0xcf0d7c
IND,1,10.00,9.00,0,0,0,/home/ubuntu/.rustup/toolchains/stable-aarch64-unknown-linux-gnu/lib/rustlib/src/rust/library/core/src/ops/function.rs:250,???,_ZN4core3ops8function6FnOnce9call_once17h0eb4d75b3d5efc3cE,ret 
IND,1,10.00,9.00,0,0,0,/home/ubuntu/.cargo/registry/src/index.crates.io-1949cf8c6b5b557f/bitflags-2.4.0/src/lib.rs:753,???,_ZN15perf_event_data5flags1_16InternalBitFlags5union17h9def113f159f2b36E,ret 
COND,1,10.00,9.00,1,0,0,/home/ubuntu/library/std/src/sys/fs/unix.rs:759,???,_ZN86_$LT$std..sys..fs..unix..ReadDir$u20$as$u20$core..iter..traits..iterator..Iterator$GT$4next17h93af95fe0615a0d5E,b.eq #0xe2cf4c
COND,1,9.00,8.00,0,0,0,/home/ubuntu/.rustup/toolchains/stable-aarch64-unknown-linux-gnu/lib/rustlib/src/rust/library/core/src/ub_checks.rs:127,???,_ZN4core10intrinsics19copy_nonoverlapping18precondition_check17h5f628d6c4834a8bbE,cbz x8  #0x968e14
IND,1,9.00,8.00,0,0,0,/home/ubuntu/.rustup/toolchains/stable-aarch64-unknown-linux-gnu/lib/rustlib/src/rust/library/core/src/ub_checks.rs:72,???,_ZN4core3num23_$LT$impl$u20$usize$GT$13unchecked_mul18precondition_check17h5791e56ef02f5063E,ret 
IND,1,9.00,8.00,0,0,0,/home/ubuntu/.rustup/toolchains/stable-aarch64-unknown-linux-gnu/lib/rustlib/src/rust/library/core/src/result.rs:776,???,_ZN4core6result19Result$LT$T$C$E$GT$3map17h3924b56d812588e9E,ret 
IND,1,9.00,8.00,0,0,0,/home/ubuntu/.cargo/registry/src/index.crates.io-1949cf8c6b5b557f/perf-event-data-0.1.2/src/parsebuf.rs:119,???,_ZN72_$LT$$RF$$u5b$u8$u5d$$u20$as$u20$perf_event_data..parsebuf..ParseBuf$GT$5chunk17he10b0613715da959E,ret 
COND,1,9.00,8.00,0,0,0,/home/ubuntu/.rustup/toolchains/stable-aarch64-unknown-linux-gnu/lib/rustlib/src/rust/library/core/src/slice/raw.rs:135,???,_ZN4core5slice3raw14from_raw_parts18precondition_check17h77b625700594464fE,cbnz x8  #0xcf6264
IND,1,9.00,8.00,0,0,0,/home/ubuntu/.rustup/toolchains/stable-aarch64-unknown-linux-gnu/lib/rustlib/src/rust/library/core/src/slice/mod.rs:3764,???,_ZN4core5slice29_$LT$impl$u20$$u5b$T$u5d$$GT$15copy_from_slice17hb06e0314457cdbdbE,ret 
IND,1,9.00,8.00,0,0,0,/home/ubuntu/src/flags.rs:93,???,_ZN15perf_event_data5flags10ReadFormat11element_len17hf3d32e3900ada850E,bl #0xcff9ac
IND,1,9.00,8.00,0,0,0,/home/ubuntu/library/core/src/ffi/c_str.rs:370,???,_ZN4core3ffi5c_str4CStr19from_bytes_with_nul17h8c49edcd82639afcE,ret 
COND,1,8.00,7.00,1,0,0,/usr/lib/aarch64-linux-gnu/malloc/malloc.c:3410,???,???,b.ne #0x8e170
COND,1,8.00,7.00,1,0,0,/usr/lib/aarch64-linux-gnu/../sysdeps/aarch64/multiarch/memcpy_advsimd.S:76,???,???,b.hi #0x97e50
COND,1,8.00,7.00,1,0,0,/usr/lib/aarch64-linux-gnu/../sysdeps/aarch64/multiarch/memcpy_advsimd.S:107,???,???,cbz x2  #0x97e48
COND,1,8.00,7.00,1,0,0,/home/ubuntu/.vscode-server/code-2901c5ac6db8a986a5666c3af51ff804d05af0d4:0xab71fc,(null),???,movz w8  #0x5
COND,1,8.00,7.00,1,0,0,/home/ubuntu/.vscode-server/cli/servers/Stable-2901c5ac6db8a986a5666c3af51ff804d05af0d4/server/node:0x1182090,(null),_ZN2v88internal29AstFunctionLiteralIdReindexer7ReindexEPNS0_10ExpressionE,cmp x0  x1
COND,1,8.00,7.00,1,0,0,/home/ubuntu/.vscode-server/cli/servers/Stable-2901c5ac6db8a986a5666c3af51ff804d05af0d4/server/node:0x1244484,(null),_ZN2v88internal8Coverage7CollectEPNS0_7IsolateENS_5debug12CoverageModeE,cmp w0  #0
IND,1,8.00,7.00,0,0,0,/home/ubuntu/.vscode-server/cli/servers/Stable-2901c5ac6db8a986a5666c3af51ff804d05af0d4/server/node:0x1812544,(null),_ZN12v8_inspector16V8DebuggerScript6CreateEPN2v87IsolateENS1_5LocalINS1_5debug6ScriptEEEbPNS_19V8DebuggerAgentImplEPNS_17V8InspectorClientE,b #0x18120ec
IND,1,8.00,7.00,0,0,0,/usr/lib/aarch64-linux-gnu/libstdc++.so.6.0.30:0xa12c0,(null),???,b #0x9d520
COND,1,8.00,7.00,0,0,0,/home/ubuntu/.rustup/toolchains/stable-aarch64-unknown-linux-gnu/lib/rustlib/src/rust/library/core/src/hint.rs:206,???,_ZN4core4hint16assert_unchecked18precondition_check17hd0868b7a490be4e7E,tbnz w0  #0  #0x969340
IND,1,8.00,7.00,0,0,0,/home/ubuntu/library/std/src/fs.rs:1262,???,_ZN47_$LT$std..fs..File$u20$as$u20$std..io..Read$GT$4read17ha6658ec14fec61cfE,ret 
COND,1,8.00,7.00,0,0,0,/home/ubuntu/library/std/src/sys/fs/unix.rs:1140,???,_ZN3std2fs11OpenOptions5_open17h6c38905689a0476cE,tbz w10  #0  #0xe1d3a8
COND,1,8.00,7.00,0,0,0,/home/ubuntu/library/core/src/slice/memchr.rs:71,???,_ZN4core3ffi5c_str4CStr19from_bytes_with_nul17h8c49edcd82639afcE,b.eq #0xe4daa0
COND,1,7.00,6.00,0,0,0,/home/ubuntu/.vscode-server/cli/servers/Stable-2901c5ac6db8a986a5666c3af51ff804d05af0d4/server/node:0x180b364,(null),_ZN12v8_inspector19V8DebuggerAgentImpl14didParseSourceESt10unique_ptrINS_16V8DebuggerScriptESt14default_deleteIS2_EEb,blr x1
COND,1,7.00,6.00,1,0,0,/home/ubuntu/.vscode-server/cli/servers/Stable-2901c5ac6db8a986a5666c3af51ff804d05af0d4/server/node:0x1917830,(null),_ZN2v88internal4wasm12_GLOBAL__N_115LiftoffCompiler23Load64BitExceptionValueENS1_15LiftoffRegisterES4_PjNS1_14LiftoffRegListE,orr x4  xzr  #0xffffffff00000000
IND,1,7.00,6.00,0,0,0,/home/ubuntu/.vscode-server/cli/servers/Stable-2901c5ac6db8a986a5666c3af51ff804d05af0d4/server/node:0x1afe568,(null),_ZN2v88internal4wasm7fuzzing24GenerateRandomWasmModuleILNS2_27WasmModuleGenerationOptionsE0EEENS_4base6VectorIhEEPNS0_4ZoneENS6_IKhEE,ldr w2  [x0  #0x38]
IND,1,7.00,6.00,0,0,0,/home/ubuntu/hotline_c/btree.c:482,???,btree_search,b #0x467850
IND,1,7.00,6.00,0,0,0,/home/ubuntu/library/std/src/fs.rs:316,???,_ZN3std2fs14read_to_string5inner17h0eae9bed4f0df99eE,bl #0xe49794
IND,1,7.00,6.00,0,0,0,/home/ubuntu/library/std/src/sys/fs/unix.rs:1181,???,_ZN3std2fs11OpenOptions5_open17h6c38905689a0476cE,bl #0x28c590
COND,1,7.00,6.00,1,0,0,/home/ubuntu/library/std/src/sys/alloc/unix.rs:13,???,_RNvCscSpY9Juk0HT_7___rustc11___rdl_alloc,b.hi #0xe27e98
COND,1,7.00,6.00,1,0,0,/home/ubuntu/library/core/src/alloc/layout.rs:375,???,_ZN5alloc3ffi5c_str131_$LT$impl$u20$core..convert..From$LT$$RF$core..ffi..c_str..CStr$GT$$u20$for$u20$alloc..boxed..Box$LT$core..ffi..c_str..CStr$GT$$GT$4from17hec874816052de6dbE,tbnz x1  #0x3f  #0xe47bdc
COND,1,6.00,5.00,1,0,0,/usr/lib/aarch64-linux-gnu/nptl/cancellation.c:59,???,???,b.eq #0x79b60
IND,1,6.00,5.00,0,0,0,/usr/lib/aarch64-linux-gnu/nptl/cancellation.c:64,???,???,ret 
IND,1,6.00,5.00,0,0,0,/usr/lib/aarch64-linux-gnu/malloc/malloc.c:3327,???,???,bl #0x12fb10
COND,1,6.00,5.00,1,0,0,/home/ubuntu/.vscode-server/cli/servers/Stable-2901c5ac6db8a986a5666c3af51ff804d05af0d4/server/node:0xae301c,(null),???,???
IND,1,6.00,5.00,0,0,0,/home/ubuntu/.vscode-server/cli/servers/Stable-2901c5ac6db8a986a5666c3af51ff804d05af0d4/server/node:0x1b28380,(null),_ZN2v88internal25DispatchingDecoderVisitor26VisitLoadStorePairPreIndexEPNS0_11InstructionE,cmp x25  x0
COND,1,6.00,5.00,0,0,0,/home/ubuntu/library/alloc/src/raw_vec/mod.rs:776,???,_ZN5alloc7raw_vec11finish_grow17hc548e91638a2adc8E,cbz x8  #0x28f0ec
IND,1,6.00,5.00,0,0,0,/home/ubuntu/src/data/perf_stat.rs:325,???,_ZN80_$LT$aperf..data..perf_stat..PerfStatRaw$u20$as$u20$aperf..data..CollectData$GT$12collect_data17h31bbafaf306a21c7E,bl #0xcf2c30
COND,1,6.00,5.00,0,0,0,/home/ubuntu/.rustup/toolchains/stable-aarch64-unknown-linux-gnu/lib/rustlib/src/rust/library/core/src/char/methods.rs:1778,???,_ZN5alloc6string6String4push17h4eb26f74243649d2E,b.lo #0x3544e0
IND,1,6.00,5.00,0,0,0,/home/ubuntu/.rustup/toolchains/stable-aarch64-unknown-linux-gnu/lib/rustlib/src/rust/library/core/src/fmt/mod.rs:738,???,_ZN5alloc3fmt6format17h87b6cb866833453fE,b #0x354d98
COND,1,6.00,5.00,0,0,0,/home/ubuntu/hotline_c/hotline.c:777,???,process_aux_record,cbnz w0  #0x467100
IND,1,6.00,5.00,0,0,0,/home/ubuntu/.rustup/toolchains/stable-aarch64-unknown-linux-gnu/lib/rustlib/src/rust/library/core/src/iter/traits/iterator.rs:2383,???,_ZN4core4iter6traits8iterator8Iterator8try_fold17h1bc12c5ba7d7538fE,bl #0xcf2da8
IND,1,6.00,5.00,0,0,0,/home/ubuntu/.rustup/toolchains/stable-aarch64-unknown-linux-gnu/lib/rustlib/src/rust/library/core/src/option.rs:1003,???,_ZN4core6option15Option$LT$T$GT$9unwrap_or17h65c8a0d1b7c35127E,b #0xcfc690
IND,1,6.00,5.00,0,0,0,/home/ubuntu/.cargo/registry/src/index.crates.io-1949cf8c6b5b557f/bitflags-2.4.0/src/lib.rs:636,???,_ZN15perf_event_data5flags1_16InternalBitFlags4bits17h9541c8b4a3847528E,ret 
IND,1,6.00,5.00,0,0,0,/home/ubuntu/library/std/src/sys/alloc/unix.rs:54,???,_RNvCscSpY9Juk0HT_7___rustc13___rdl_realloc,b #0x28cad0
IND,1,6.00,5.00,0,0,0,/home/ubuntu/aperf:0xe3c9b4,(null),_ZN5alloc7raw_vec20RawVecInner$LT$A$GT$15try_allocate_in17h3224d982ad3690b3E,bl #0x297e60
COND,1,5.00,4.00,0,0,0,/usr/lib/aarch64-linux-gnu/stdio-common/vfscanf-internal.c:1873,???,???,cbz w20  #0x54ff4
IND,1,5.00,4.00,0,0,0,/usr/lib/aarch64-linux-gnu/malloc/malloc.c:4409,???,???,bl #0x897f0
IND,1,5.00,4.00,0,0,0,/usr/lib/aarch64-linux-gnu/../sysdeps/aarch64/multiarch/memcpy_advsimd.S:85,???,???,ret 
IND,1,5.00,4.00,0,0,0,/usr/lib/aarch64-linux-gnu/../sysdeps/aarch64/multiarch/memcpy_advsimd.S:177,???,???,ret 
