Avg Exec Latency,Count,Saturated,Location,Line,Function,Assembly
169.96,67055,0,/home/ubuntu/STREAM/stream.c:335,	    c[j] = a[j]+b[j];,main._omp_fn.6,ldr d1  [x2  x0  lsl #3]
145.33,67302,0,/home/ubuntu/STREAM/stream.c:345,	    a[j] = b[j]+scalar*c[j];,main._omp_fn.7,ldr d1  [x0  x1  lsl #3]
136.08,67674,0,/home/ubuntu/STREAM/stream.c:335,	    c[j] = a[j]+b[j];,main._omp_fn.6,ldr d0  [x3  x0  lsl #3]
124.39,67499,0,/home/ubuntu/STREAM/stream.c:325,	    b[j] = scalar*c[j];,main._omp_fn.5,ldr d0  [x0  x1  lsl #3]
125.16,67005,0,/home/ubuntu/STREAM/stream.c:315,	    c[j] = a[j];,main._omp_fn.4,ldr d0  [x2  x0  lsl #3]
119.10,67691,0,/home/ubuntu/STREAM/stream.c:345,	    a[j] = b[j]+scalar*c[j];,main._omp_fn.7,ldr d0  [x3  x1  lsl #3]
95.75,67249,0,/home/ubuntu/STREAM/stream.c:335,	    c[j] = a[j]+b[j];,main._omp_fn.6,str d0  [x4  x0  lsl #3]
75.65,67643,0,/home/ubuntu/STREAM/stream.c:315,	    c[j] = a[j];,main._omp_fn.4,str d0  [x3  x0  lsl #3]
74.93,67175,0,/home/ubuntu/STREAM/stream.c:345,	    a[j] = b[j]+scalar*c[j];,main._omp_fn.7,str d0  [x4  x1  lsl #3]
51.18,67446,0,/home/ubuntu/STREAM/stream.c:325,	    b[j] = scalar*c[j];,main._omp_fn.5,str d0  [x3  x1  lsl #3]
4.15,33495,0,/usr/lib/aarch64-linux-gnu/libgomp.so.1.0.0:0x1e25c,(null),???,ldr w2  [x23]
4.00,33765,0,/usr/lib/aarch64-linux-gnu/libgomp.so.1.0.0:0x1e50c,(null),???,ldr w2  [x25]
2774.00,1,0,/home/ubuntu/.vscode-server/cli/servers/Stable-2901c5ac6db8a986a5666c3af51ff804d05af0d4/server/node:0x220d2ac,(null),_ZSt10from_charsItENSt9enable_ifIXsrSt5__or_IJS1_IJSt7is_sameINSt9remove_cvIT_E4typeEaES2_IS6_sES2_IS6_iES2_IS6_lES2_IS6_xES2_IS6_nEEES1_IJS2_IS6_hES2_IS6_tES2_IS6_jES2_IS6_mES2_IS6_yES2_IS6_oEEES2_IcS6_EEE5valueESt17from_chars_resultE4typeEPKcSR_RS4_i,b #0x220d188
2081.00,1,0,/usr/lib/aarch64-linux-gnu/../sysdeps/aarch64/multiarch/strlen_asimd.S:96,???,???,ldp x2  x3  [x0]
327.00,4,0,/home/ubuntu/hotline_c/hotline.c:631,???,process_record_buffer,ldr x0  [x28  #0x18]
555.00,1,0,/usr/lib/aarch64-linux-gnu/libgomp.so.1.0.0:0x1beb8,(null),???,str x2  [x26  #8]
391.00,1,0,/usr/lib/aarch64-linux-gnu/libgomp.so.1.0.0:0x1be9c,(null),???,ldr x2  [x26  #0x58]
358.00,1,0,/usr/lib/aarch64-linux-gnu/libgomp.so.1.0.0:0x15e80,(null),???,stp q0  q1  [x3]
4.02,88,0,/usr/lib/aarch64-linux-gnu/../sysdeps/aarch64/strcmp.S:77,???,???,ldr x3  [x0  x10]
4.06,64,0,/usr/lib/aarch64-linux-gnu/../sysdeps/aarch64/strcmp.S:78,???,???,ldr x2  [x0]  #8
202.00,1,0,/home/ubuntu/STREAM/stream.DRAM:0x924,(null),???,???
4.00,41,0,/home/ubuntu/aperf:0x28d1e4,(null),???,???
4.00,31,0,/home/ubuntu/hotline_c/hotline.c:278,???,add_global_filename,ldr x0  [x20  x19  lsl #3]
84.00,1,0,/usr/lib/aarch64-linux-gnu/libgomp.so.1.0.0:0x1e530,(null),???,ldp x21  x22  [sp  #0x20]
4.61,18,0,/home/ubuntu/.vscode-server/cli/servers/Stable-2901c5ac6db8a986a5666c3af51ff804d05af0d4/server/node:0xbfe91c,(null),???,???
6.42,12,0,/home/ubuntu/hotline_c/hotline.c:223,???,vm_spe_btree_compare,ldr w3  [x2  #4]
6.08,12,0,/home/ubuntu/hotline_c/hotline.c:223,???,vm_spe_btree_compare,ldr w0  [x1  #4]
5.83,12,0,/home/ubuntu/hotline_c/btree.c:207,???,btree_node_bsearch,ldr x2  [x20  #0x38]
6.56,9,0,/home/ubuntu/hotline_c/btree.c:136,???,btree_node_bsearch,ldr x1  [x20  #0x68]
29.00,2,0,/home/ubuntu/hotline_c/hotline.c:786,???,process_aux_record,ldr x0  [sp  #0x48]
7.71,7,0,/home/ubuntu/hotline_c/btree.c:136,???,btree_node_bsearch,ldr x2  [x25  #8]
6.75,8,0,/home/ubuntu/hotline_c/btree.c:207,???,btree_node_bsearch,ldr x4  [x20  #0x18]
6.50,8,0,/home/ubuntu/hotline_c/hotline.c:228,???,vm_spe_btree_compare,ldr x4  [x2  #8]
15.33,3,0,/home/ubuntu/hotline_c/hotline.c:708,???,process_record_buffer,ldp x27  x28  [sp  #0x50]
40.00,1,0,/home/ubuntu/hotline_c/hotline.c:525,???,parse_spe_record,ldr x2  [sp  #0x10]
39.00,1,0,/usr/lib/aarch64-linux-gnu/libc.so.6:0x12fe00,(null),???,???
15.50,2,0,/home/ubuntu/hotline_c/hotline.c:880,???,process_aux_record,ldp q0  q1  [x6]
7.75,4,0,/home/ubuntu/hotline_c/btree.c:488,???,btree_search,ldp x19  x20  [sp  #0x10]
9.67,3,0,/home/ubuntu/hotline_c/btree.c:488,???,btree_search,ldp x25  x26  [sp  #0x40]
9.67,3,0,/home/ubuntu/.rustup/toolchains/stable-aarch64-unknown-linux-gnu/lib/rustlib/src/rust/library/core/src/option.rs:999,???,_ZN4core6option15Option$LT$T$GT$9unwrap_or17h65c8a0d1b7c35127E,ldr x8  [sp  #8]
29.00,1,0,/home/ubuntu/src/flags.rs:0,???,_ZN15perf_event_data5flags10ReadFormat11element_len17hf3d32e3900ada850E,ldr x0  [sp  #8]
2.00,14,0,/home/ubuntu/.vscode-server/cli/servers/Stable-2901c5ac6db8a986a5666c3af51ff804d05af0d4/server/node:0xbfe920,(null),???,???
27.00,1,0,/home/ubuntu/.rustup/toolchains/stable-aarch64-unknown-linux-gnu/lib/rustlib/src/rust/library/core/src/option.rs:1119,???,_ZN81_$LT$core..str..iter..Chars$u20$as$u20$core..iter..traits..iterator..Iterator$GT$4next17hc9cd5089a83af6e8E,ldr w8  [sp  #0xc]
26.00,1,0,/usr/lib/aarch64-linux-gnu/libc.so.6:0x12fba0,(null),???,???
5.20,5,0,/home/ubuntu/aperf:0x28c834,(null),???,???
25.00,1,0,/usr/lib/aarch64-linux-gnu/../sysdeps/aarch64/multiarch/memcpy_advsimd.S:122,???,???,ldp q2  q3  [x4  #-0x20]
5.00,5,0,/usr/lib/aarch64-linux-gnu/../sysdeps/aarch64/multiarch/memcpy_advsimd.S:156,???,???,ldp q2  q3  [x1  #0x30]
25.00,1,0,/home/ubuntu/.rustup/toolchains/stable-aarch64-unknown-linux-gnu/lib/rustlib/src/rust/library/core/src/str/iter.rs:43,???,_ZN81_$LT$core..str..iter..Chars$u20$as$u20$core..iter..traits..iterator..Iterator$GT$4next17hc9cd5089a83af6e8E,ldr w0  [sp  #4]
12.50,2,0,/home/ubuntu/hotline_c/btree.c:230,???,btree_node_bsearch,ldp x23  x24  [sp  #0x30]
23.00,1,0,/home/ubuntu/.rustup/toolchains/stable-aarch64-unknown-linux-gnu/lib/rustlib/src/rust/library/core/src/char/methods.rs:1006,???,_ZN4core4char7methods22_$LT$impl$u20$char$GT$10is_numeric17hb9b523208987101aE,ldrb w8  [sp  #0xb]
21.00,1,0,/home/ubuntu/hotline_c/hotline.c:389,???,pc_to_file_offset,ldr x4  [x4  #0x2a0]
10.50,2,0,/home/ubuntu/hotline_c/hotline.c:617,???,process_record_buffer,ldr w1  [x24  x4]
19.00,1,0,/home/ubuntu/hotline_c/hotline.c:267,???,add_global_filename,ldr x19  [x25  #0x2a0]
9.50,2,0,/home/ubuntu/hotline_c/hotline.c:346,???,get_pid_maps,ldp x29  x30  [sp]  #0x40
18.00,1,0,/usr/lib/aarch64-linux-gnu/nptl/pthread_rwlock_unlock.c:44,???,???,ldp x21  x22  [sp  #0x20]
6.00,3,0,/usr/lib/aarch64-linux-gnu/malloc/malloc.c:4459,???,???,ldr x7  [x19  #0x18]
6.00,3,0,/usr/lib/aarch64-linux-gnu/../sysdeps/aarch64/multiarch/memcpy_advsimd.S:149,???,???,ldr q3  [x1]
9.00,2,0,/usr/lib/aarch64-linux-gnu/../sysdeps/aarch64/multiarch/memcpy_advsimd.S:163,???,???,ldp q2  q3  [x1  #0x70]
9.00,2,0,/home/ubuntu/.vscode-server/cli/servers/Stable-2901c5ac6db8a986a5666c3af51ff804d05af0d4/server/node:0xbf74b4,(null),???,???
18.00,1,0,/usr/lib/aarch64-linux-gnu/libgomp.so.1.0.0:0x15e5c,(null),???,str x1  [x0]
18.00,1,0,/usr/lib/aarch64-linux-gnu/libgomp.so.1.0.0:0x15e8c,(null),???,str xzr  [x0  #0xd0]
9.00,2,0,/home/ubuntu/library/core/src/result.rs:2009,???,_ZN5alloc7raw_vec20RawVecInner$LT$A$GT$7reserve21do_reserve_and_handle17h34a2a76945f1dfc5E,ldr w8  [sp]
18.00,1,0,/home/ubuntu/.rustup/toolchains/stable-aarch64-unknown-linux-gnu/lib/rustlib/src/rust/library/core/src/option.rs:977,???,_ZN81_$LT$aperf..data..processes..ProcessesRaw$u20$as$u20$aperf..data..CollectData$GT$12collect_data17hfa8ab6ad9e8cc3a0E,ldr x8  [sp  #0x568]
6.00,3,0,/home/ubuntu/hotline_c/hotline.c:684,???,process_record_buffer,ldrh w1  [x28  #4]
18.00,1,0,/home/ubuntu/hotline_c/hotline.c:894,???,process_aux_record,ldp x21  x22  [sp  #0x20]
9.00,2,0,/home/ubuntu/hotline_c/btree.c:230,???,btree_node_bsearch,ldp x19  x20  [sp  #0x10]
6.00,3,0,/home/ubuntu/hotline_c/btree.c:559,???,btree_node_set,ldr x3  [sp  #0x78]
18.00,1,0,/home/ubuntu/.rustup/toolchains/stable-aarch64-unknown-linux-gnu/lib/rustlib/src/rust/library/core/src/slice/iter.rs:0,???,_ZN4core5slice29_$LT$impl$u20$$u5b$T$u5d$$GT$12chunks_exact17h02ed23451d0f3f7bE,ldr x9  [sp  #0x20]
8.50,2,0,/usr/lib/aarch64-linux-gnu/../sysdeps/aarch64/multiarch/memcpy_advsimd.S:132,???,???,ldp q4  q5  [x1  #0x20]
17.00,1,0,/home/ubuntu/hotline_c/hotline.c:899,???,process_aux_record,ldr x3  [sp  #0x248]
8.50,2,0,/home/ubuntu/.rustup/toolchains/stable-aarch64-unknown-linux-gnu/lib/rustlib/src/rust/library/core/src/iter/adapters/copied.rs:46,???,_ZN104_$LT$core..iter..adapters..copied..Copied$LT$I$GT$$u20$as$u20$core..iter..traits..iterator..Iterator$GT$4next17h7a4a3f916fe7b162E,str x0  [sp  #0x18]
16.00,1,0,/home/ubuntu/.vscode-server/cli/servers/Stable-2901c5ac6db8a986a5666c3af51ff804d05af0d4/server/node:0x9cf664,(null),???,???
16.00,1,0,/home/ubuntu/.vscode-server/cli/servers/Stable-2901c5ac6db8a986a5666c3af51ff804d05af0d4/server/node:0xbfe0f4,(null),???,???
4.00,4,0,/home/ubuntu/hotline_c/btree.c:525,???,btree_node_set,ldrb w3  [sp  #0x67]
8.00,2,0,/home/ubuntu/hotline_c/btree.c:559,???,btree_node_set,ldp x19  x20  [sp  #0x10]
16.00,1,0,/home/ubuntu/.rustup/toolchains/stable-aarch64-unknown-linux-gnu/lib/rustlib/src/rust/library/core/src/result.rs:2010,???,_ZN5alloc7raw_vec20RawVecInner$LT$A$GT$14grow_amortized17hd3b1e645444d6d18E,ldr x10  [sp  #0x80]
15.00,1,0,/usr/lib/aarch64-linux-gnu/stdlib/msort.c:160,???,???,ldp x23  x24  [sp  #0x30]
15.00,1,0,/home/ubuntu/.vscode-server/cli/servers/Stable-2901c5ac6db8a986a5666c3af51ff804d05af0d4/server/node:0xbfe0f0,(null),???,???
7.50,2,0,/home/ubuntu/hotline_c/hotline.c:228,???,vm_spe_btree_compare,ldr x3  [x1  #8]
5.00,3,0,/home/ubuntu/hotline_c/hotline.c:388,???,pc_to_file_offset,ldr x7  [x0  #8]
15.00,1,0,/home/ubuntu/hotline_c/hotline.c:734,???,process_aux_buffer,ldr x0  [sp  #0x60]
7.50,2,0,/home/ubuntu/hotline_c/btree.c:625,???,btree_set0,ldr x1  [x0]
7.50,2,0,/home/ubuntu/.rustup/toolchains/stable-aarch64-unknown-linux-gnu/lib/rustlib/src/rust/library/core/src/ub_checks.rs:0,???,_ZN5alloc3vec16Vec$LT$T$C$A$GT$15append_elements17hf2652374cea29598E,ldr x8  [sp  #0x28]
15.00,1,0,/home/ubuntu/src/records/read.rs:249,???,_ZN15perf_event_data7records4read10GroupEntry2id17hb332e292fc86fea2E,str x0  [sp]
14.00,1,0,/home/ubuntu/.vscode-server/cli/servers/Stable-2901c5ac6db8a986a5666c3af51ff804d05af0d4/server/node:0x19e19b8,(null),_ZN2v88internal4wasm15InstanceBuilder23ProcessImportedFunctionENS0_6HandleINS0_23WasmTrustedInstanceDataEEEiiNS3_INS0_6StringEEES7_NS3_INS0_6ObjectEEENS1_15WellKnownImportE,bl #0x1aa6e70
7.00,2,0,/usr/include/aarch64-linux-gnu/bits/string_fortified.h:29,  return __builtin___memcpy_chk (__dest, __src, __len,,parse_spe_record,ldur w2  [x0  #1]
14.00,1,0,/home/ubuntu/hotline_c/hotline.c:548,???,parse_spe_record,ldrb w0  [x0  #0x36]
2.00,7,0,/home/ubuntu/hotline_c/btree.c:212,???,btree_node_bsearch,stp x19  x20  [sp  #0x10]
7.00,2,0,/home/ubuntu/hotline_c/btree.c:230,???,btree_node_bsearch,ldp x23  x24  [sp  #0x30]
14.00,1,0,/home/ubuntu/.rustup/toolchains/stable-aarch64-unknown-linux-gnu/lib/rustlib/src/rust/library/core/src/ub_checks.rs:135,???,_ZN4core5slice3raw14from_raw_parts18precondition_check17hff82b08b3d74beadE,ldr x9  [sp  #0x58]
6.50,2,0,/usr/lib/aarch64-linux-gnu/malloc/malloc.c:3395,???,???,ldp x29  x30  [sp]  #0x40
13.00,1,0,/home/ubuntu/.vscode-server/cli/servers/Stable-2901c5ac6db8a986a5666c3af51ff804d05af0d4/server/node:0xbfe5b4,(null),???,???
13.00,1,0,/home/ubuntu/.vscode-server/cli/servers/Stable-2901c5ac6db8a986a5666c3af51ff804d05af0d4/server/node:0xee6464,(null),_ZN4node6Buffer12_GLOBAL__N_111StringWriteILNS_8encodingE0EEEvRKN2v820FunctionCallbackInfoINS4_5ValueEEE,ldp x1  x2  [sp  #0x40]
6.50,2,0,/usr/include/aarch64-linux-gnu/bits/string_fortified.h:29,  return __builtin___memcpy_chk (__dest, __src, __len,,parse_spe_record,ldr w2  [x0  #4]
13.00,1,0,/home/ubuntu/hotline_c/hotline.c:879,???,process_aux_record,ldp q2  q3  [x8]
6.50,2,0,/home/ubuntu/hotline_c/btree.c:215,???,btree_node_bsearch,ldr x25  [sp  #0x40]
6.50,2,0,/home/ubuntu/hotline_c/btree.c:488,???,btree_search,ldp x21  x22  [sp  #0x20]
6.50,2,0,/home/ubuntu/hotline_c/btree.c:638,???,btree_get0,ldp x23  x24  [sp  #0x30]
6.00,2,0,/usr/lib/aarch64-linux-gnu/malloc/malloc.c:3515,???,???,ldp x23  x24  [sp  #0x30]
12.00,1,0,/home/ubuntu/.vscode-server/cli/servers/Stable-2901c5ac6db8a986a5666c3af51ff804d05af0d4/server/node:0xbfe9c0,(null),???,???
12.00,1,0,/home/ubuntu/.vscode-server/cli/servers/Stable-2901c5ac6db8a986a5666c3af51ff804d05af0d4/server/node:0x1817fe8,(null),_ZN12v8_inspector10V8Debugger13stackTraceForEiRKNS_14V8StackTraceIdE,ldp x19  x20  [sp  #0x10]
6.00,2,0,/home/ubuntu/hotline_c/btree.c:230,???,btree_node_bsearch,ldp x29  x30  [sp]  #0x50
4.00,3,0,/home/ubuntu/hotline_c/btree.c:646,???,btree_get0,ldr x2  [x1]
12.00,1,0,/home/ubuntu/hotline_c/btree.c:522,???,btree_node_set,ldr x5  [x5  #0xcd0]
4.00,3,0,/home/ubuntu/.rustup/toolchains/stable-aarch64-unknown-linux-gnu/lib/rustlib/src/rust/library/core/src/option.rs:935,???,_ZN4core6option15Option$LT$T$GT$6expect17hb49396ded5d52969E,ldr x30  [sp  #0x40]
4.00,3,0,/home/ubuntu/.rustup/toolchains/stable-aarch64-unknown-linux-gnu/lib/rustlib/src/rust/library/core/src/ptr/const_ptr.rs:0,???,_ZN4core5slice3raw14from_raw_parts18precondition_check17hff82b08b3d74beadE,ldr x9  [sp  #0x18]
4.00,3,0,/home/ubuntu/.rustup/toolchains/stable-aarch64-unknown-linux-gnu/lib/rustlib/src/rust/library/core/src/ub_checks.rs:0,???,_ZN4core5slice3raw14from_raw_parts18precondition_check17hff82b08b3d74beadE,ldr x8  [sp  #0x10]
12.00,1,0,/home/ubuntu/src/flags.rs:50,???,_ZN15perf_event_data5flags1_16InternalBitFlags8contains17ha68ea0736eaff61dE,ldr x8  [sp]
5.50,2,0,/usr/lib/aarch64-linux-gnu/malloc/malloc.c:4702,???,???,ldr x1  [x0]
11.00,1,0,/usr/lib/aarch64-linux-gnu/libgomp.so.1.0.0:0x1e234,(null),???,ldr x0  [x21  #0x398]
11.00,1,0,/home/ubuntu/.rustup/toolchains/stable-aarch64-unknown-linux-gnu/lib/rustlib/src/rust/library/core/src/ub_checks.rs:0,???,_ZN5alloc6string6String6as_str17h04bda8833db128f9E,ldr x3  [sp  #8]
5.50,2,0,/home/ubuntu/hotline_c/btree.c:522,???,btree_node_set,ldr x3  [x5]
5.50,2,0,/home/ubuntu/hotline_c/btree.c:529,???,btree_node_set,ldrb w0  [x19  #4]
11.00,1,0,/home/ubuntu/.rustup/toolchains/stable-aarch64-unknown-linux-gnu/lib/rustlib/src/rust/library/core/src/ub_checks.rs:159,???,_ZN4core9ub_checks23maybe_is_nonoverlapping7runtime17hbe149af46c51b997E,ldr x10  [sp  #0x28]
11.00,1,0,/home/ubuntu/.rustup/toolchains/stable-aarch64-unknown-linux-gnu/lib/rustlib/src/rust/library/core/src/result.rs:0,???,_ZN4core6result19Result$LT$T$C$E$GT$3map17ha256930de2d49afcE,ldr x8  [sp  #8]
11.00,1,0,/home/ubuntu/.rustup/toolchains/stable-aarch64-unknown-linux-gnu/lib/rustlib/src/rust/library/core/src/result.rs:2010,???,_ZN79_$LT$core..result..Result$LT$T$C$E$GT$$u20$as$u20$core..ops..try_trait..Try$GT$6branch17h539e0bef69832fa7E,ldr x8  [x8  #8]
11.00,1,0,/home/ubuntu/.rustup/toolchains/stable-aarch64-unknown-linux-gnu/lib/rustlib/src/rust/library/core/src/ops/function.rs:250,???,_ZN4core3ops8function6FnOnce9call_once17h4947eca9436aff8bE,ldr x30  [sp  #0x30]
11.00,1,0,/home/ubuntu/.rustup/toolchains/stable-aarch64-unknown-linux-gnu/lib/rustlib/src/rust/library/core/src/slice/mod.rs:1916,???,_ZN98_$LT$core..slice..iter..ChunksExact$LT$T$GT$$u20$as$u20$core..iter..traits..iterator..Iterator$GT$4next17hc904b213ebf13af7E,ldr x8  [sp  #0x70]
3.67,3,0,/home/ubuntu/src/records/read.rs:262,???,_ZN15perf_event_data7records4read10GroupEntry3new17hd42367257250e901E,str x8  [sp  #0x48]
11.00,1,0,/home/ubuntu/src/flags.rs:50,???,_ZN15perf_event_data5flags1_16InternalBitFlags8contains17ha68ea0736eaff61dE,ldr x0  [sp  #8]
11.00,1,0,/home/ubuntu/aperf:0xe3c7f8,(null),_ZN5alloc7raw_vec20RawVecInner$LT$A$GT$10deallocate17haf75e110a66311adE,ldp x29  x30  [sp  #0x10]
5.00,2,0,/usr/lib/aarch64-linux-gnu/../sysdeps/aarch64/multiarch/memcpy_advsimd.S:121,???,???,ldp q0  q1  [x1]
5.00,2,0,/usr/lib/aarch64-linux-gnu/../sysdeps/aarch64/multiarch/memcpy_advsimd.S:161,???,???,ldp q0  q1  [x1  #0x50]
9.00,1,0,/usr/lib/aarch64-linux-gnu/nptl/cancellation.c:39,???,???,ldrb w2  [x19  #0x771]
9.00,1,0,/usr/lib/aarch64-linux-gnu/malloc/malloc.c:3347,???,???,ldr x23  [sp  #0x30]
9.00,1,0,/home/ubuntu/.vscode-server/cli/servers/Stable-2901c5ac6db8a986a5666c3af51ff804d05af0d4/server/node:0xae251c,(null),???,???
9.00,1,0,/home/ubuntu/.vscode-server/cli/servers/Stable-2901c5ac6db8a986a5666c3af51ff804d05af0d4/server/node:0x109a118,(null),_ZN4node9inspector12_GLOBAL__N_19WsHandler6OnDataEPSt6vectorIcSaIcEE,ldp x25  x26  [sp  #0x40]
9.00,1,0,/home/ubuntu/.vscode-server/cli/servers/Stable-2901c5ac6db8a986a5666c3af51ff804d05af0d4/server/node:0x17af7d8,(null),_ZNSt10_HashtableIN2v88internal7BuiltinESt4pairIKS2_jESaIS5_ENSt8__detail10_Select1stESt8equal_toIS2_ESt4hashIS2_ENS7_18_Mod_range_hashingENS7_20_Default_ranged_hashENS7_20_Prime_rehash_policyENS7_17_Hashtable_traitsILb0ELb0ELb1EEEE21_M_insert_unique_nodeERS4_mmPNS7_10_Hash_nodeIS5_Lb0EEEm.isra.0,mov x0  x4
9.00,1,0,/home/ubuntu/.vscode-server/cli/servers/Stable-2901c5ac6db8a986a5666c3af51ff804d05af0d4/server/node:0x17c7508,(null),_ZN2v87tracing11TracedValue10WriteCommaEv,cmp x20  #0xf
9.00,1,0,/home/ubuntu/.vscode-server/cli/servers/Stable-2901c5ac6db8a986a5666c3af51ff804d05af0d4/server/node:0x17d4040,(null),_ZNK12v8_inspector21PromiseHandlerTracker11sendFailureEPNS_14InjectedScript22ProtocolPromiseHandlerERKN8v8_crdtp16DispatchResponseE,str x3  [sp  #0x78]
9.00,1,0,/home/ubuntu/.vscode-server/cli/servers/Stable-2901c5ac6db8a986a5666c3af51ff804d05af0d4/server/node:0x21fdb10,(null),_ZN3ada4idna10to_unicodeB5cxx11ESt17basic_string_viewIcSt11char_traitsIcEE,movz w1  #0x2e
9.00,1,0,/home/ubuntu/.vscode-server/cli/servers/Stable-2901c5ac6db8a986a5666c3af51ff804d05af0d4/server/node:0x221d9ec,(null),_ZN3ada6parser14parse_url_implINS_3urlELb1EEET_St17basic_string_viewIcSt11char_traitsIcEEPKS3_,b.eq #0x221fb08
9.00,1,0,/home/ubuntu/.vscode-server/cli/servers/Stable-2901c5ac6db8a986a5666c3af51ff804d05af0d4/server/node:0x241bbcc,(null),HUF_decompress4X2_usingDTable_internal_default.part.0,b #0x241b1d0
9.00,1,0,/home/ubuntu/.rustup/toolchains/stable-aarch64-unknown-linux-gnu/lib/rustlib/src/rust/library/core/src/ub_checks.rs:0,???,_ZN105_$LT$std..ffi..os_str..OsString$u20$as$u20$core..ops..index..Index$LT$core..ops..range..RangeFull$GT$$GT$5index17h234d4fff4ab2ea86E,ldr x3  [sp  #8]
9.00,1,0,/usr/include/aarch64-linux-gnu/bits/string_fortified.h:29,  return __builtin___memcpy_chk (__dest, __src, __len,,parse_spe_record,stur w2  [sp  #0x13]
9.00,1,0,/home/ubuntu/hotline_c/hotline.c:536,???,parse_spe_record,ldr w4  [x1  #0x10]
9.00,1,0,/home/ubuntu/hotline_c/hotline.c:572,???,tsc_to_perf_time,ldr x1  [x1  #8]
9.00,1,0,/home/ubuntu/hotline_c/btree.c:230,???,btree_node_bsearch,ldp x21  x22  [sp  #0x20]
9.00,1,0,/home/ubuntu/hotline_c/btree.c:488,???,btree_search,ldp x27  x28  [sp  #0x50]
9.00,1,0,/home/ubuntu/.cargo/registry/src/index.crates.io-1949cf8c6b5b557f/perf-event-data-0.1.2/src/parse.rs:288,???,_ZN15perf_event_data5parse19Parser$LT$B$C$E$GT$11parse_array17hdbbb8551646fbf55E,ldr x8  [sp  #0xe8]
9.00,1,0,/home/ubuntu/.rustup/toolchains/stable-aarch64-unknown-linux-gnu/lib/rustlib/src/rust/library/core/src/ptr/const_ptr.rs:1478,???,_ZN4core10intrinsics19copy_nonoverlapping18precondition_check17h84f661f46bcccd4dE,ldr x9  [sp  #0x98]
9.00,1,0,/home/ubuntu/src/records/read.rs:269,???,_ZN15perf_event_data7records4read10GroupEntry3new17hd42367257250e901E,ldr x0  [sp]
9.00,1,0,/home/ubuntu/.rustup/toolchains/stable-aarch64-unknown-linux-gnu/lib/rustlib/src/rust/library/core/src/iter/adapters/copied.rs:45,???,_ZN104_$LT$core..iter..adapters..copied..Copied$LT$I$GT$$u20$as$u20$core..iter..traits..iterator..Iterator$GT$4next17h7a4a3f916fe7b162E,str x8  [sp  #0x20]
9.00,1,0,/home/ubuntu/.rustup/toolchains/stable-aarch64-unknown-linux-gnu/lib/rustlib/src/rust/library/alloc/src/raw_vec/mod.rs:517,???,_ZN5alloc7raw_vec20RawVecInner$LT$A$GT$16with_capacity_in17hc9e00f1e7db40775E,ldr x8  [sp  #0x40]
9.00,1,0,/usr/lib/aarch64-linux-gnu/libprocps.so.8.0.3:0x5240,(null),???,ldp x29  x30  [sp]  #0x40
4.00,2,0,/usr/lib/aarch64-linux-gnu/malloc/malloc.c:3385,???,???,ldr x2  [x2  #0xd78]
8.00,1,0,/home/ubuntu/.vscode-server/cli/servers/Stable-2901c5ac6db8a986a5666c3af51ff804d05af0d4/server/node:0x1aede50,(null),_ZN2v88internal4wasm7fuzzing12_GLOBAL__N_113WasmGeneratorILNS2_27WasmModuleGenerationOptionsE3EE5memopILNS1_10WasmOpcodeE64773EJEEEvPNS3_9DataRangeE,mov x19  x1
4.00,2,0,/home/ubuntu/.vscode-server/cli/servers/Stable-2901c5ac6db8a986a5666c3af51ff804d05af0d4/server/node:0x24179cc,(null),HUF_buildCTable_wksp,b.eq #0x2417a2c
4.00,2,0,/usr/lib/aarch64-linux-gnu/libstdc++.so.6.0.30:0x9c5f4,(null),???,???
8.00,1,0,/home/ubuntu/hotline_c/hotline.c:305,???,add_global_filename,ldr x25  [sp  #0x40]
4.00,2,0,/home/ubuntu/hotline_c/hotline.c:388,???,pc_to_file_offset,ldr x5  [x0]
4.00,2,0,/home/ubuntu/hotline_c/hotline.c:790,???,process_aux_record,ldr x3  [x22  #0xe78]
4.00,2,0,/home/ubuntu/hotline_c/hotline.c:843,???,process_aux_record,ldrh w4  [x19  #0x1c]
4.00,2,0,/home/ubuntu/hotline_c/hotline.c:865,???,process_aux_record,ldr x2  [x20  #0x18]
2.00,4,0,/home/ubuntu/hotline_c/btree.c:212,???,btree_node_bsearch,stp x23  x24  [sp  #0x30]
4.00,2,0,/home/ubuntu/hotline_c/btree.c:230,???,btree_node_bsearch,ldr x25  [sp  #0x40]
4.00,2,0,/home/ubuntu/hotline_c/btree.c:628,???,btree_get0,ldr x3  [x3  #0xcd0]
4.00,2,0,/home/ubuntu/hotline_c/btree.c:628,???,btree_get0,ldr x0  [x3]
8.00,1,0,/home/ubuntu/hotline_c/btree.c:537,???,btree_node_set,ldr x26  [x25  #0x10]
8.00,1,0,/home/ubuntu/hotline_c/btree.c:625,???,btree_set0,ldr x0  [x0  #0xcd0]
8.00,1,0,/home/ubuntu/.rustup/toolchains/stable-aarch64-unknown-linux-gnu/lib/rustlib/src/rust/library/core/src/slice/mod.rs:740,???,_ZN4core5slice29_$LT$impl$u20$$u5b$T$u5d$$GT$15copy_from_slice17hb06e0314457cdbdbE,str x9  [sp  #0x50]
4.00,2,0,/home/ubuntu/src/records/read.rs:267,???,_ZN15perf_event_data7records4read10GroupEntry3new17hd42367257250e901E,ldr x11  [sp  #0x30]
4.00,2,0,/home/ubuntu/.rustup/toolchains/stable-aarch64-unknown-linux-gnu/lib/rustlib/src/rust/library/core/src/ub_checks.rs:0,???,_ZN4core5slice3raw14from_raw_parts18precondition_check17hff82b08b3d74beadE,ldr x8  [sp  #0x20]
4.00,2,0,/home/ubuntu/.rustup/toolchains/stable-aarch64-unknown-linux-gnu/lib/rustlib/src/rust/library/core/src/slice/raw.rs:0,???,_ZN4core5slice3raw14from_raw_parts18precondition_check17hff82b08b3d74beadE,ldr x9  [sp  #0x10]
8.00,1,0,/home/ubuntu/aperf:0xe3c914,(null),_ZN5alloc7raw_vec20RawVecInner$LT$A$GT$15try_allocate_in17h3224d982ad3690b3E,stp x20  x19  [sp  #0x20]
7.00,1,0,/usr/lib/aarch64-linux-gnu/malloc/malloc.c:4702,???,???,ldp x23  x24  [sp  #0x30]
7.00,1,0,/usr/lib/aarch64-linux-gnu/malloc/malloc.c:3184,???,???,str x5  [x1  #0x80]
7.00,1,0,/usr/lib/aarch64-linux-gnu/malloc/malloc.c:4413,???,???,ldp x25  x26  [sp  #0x40]
7.00,1,0,/usr/lib/aarch64-linux-gnu/malloc/malloc.c:3347,???,???,ldp x19  x20  [sp  #0x10]
7.00,1,0,/home/ubuntu/.vscode-server/cli/servers/Stable-2901c5ac6db8a986a5666c3af51ff804d05af0d4/server/node:0xbfe3f4,(null),???,???
7.00,1,0,/home/ubuntu/.vscode-server/cli/servers/Stable-2901c5ac6db8a986a5666c3af51ff804d05af0d4/server/node:0x19f68ac,(null),_ZNSt6vectorIS_IhSaIhEESaIS1_EE17_M_realloc_insertIJmEEEvN9__gnu_cxx17__normal_iteratorIPS1_S3_EEDpOT_,bl #0xdd0670
7.00,1,0,/home/ubuntu/library/alloc/src/raw_vec/mod.rs:788,???,_ZN5alloc7raw_vec11finish_grow17hb0b5996b365e6f3dE,ldp x29  x30  [sp]  #0x30
7.00,1,0,/home/ubuntu/hotline_c/hotline.c:583,???,process_record_buffer,ldr x24  [x0  #0x18]
7.00,1,0,/home/ubuntu/hotline_c/hotline.c:675,???,process_record_buffer,ldr x1  [x1  #0x9e0]
7.00,1,0,/home/ubuntu/hotline_c/hotline.c:708,???,process_record_buffer,ldp x19  x20  [sp  #0x10]
7.00,1,0,/home/ubuntu/hotline_c/hotline.c:773,???,process_aux_record,ldr x0  [x4]
7.00,1,0,/home/ubuntu/hotline_c/hotline.c:899,???,process_aux_record,ldr x2  [x1]
7.00,1,0,/home/ubuntu/hotline_c/btree.c:136,???,btree_get0,ldr x2  [x21  #0x68]
7.00,1,0,/home/ubuntu/hotline_c/btree.c:559,???,btree_node_set,ldr x2  [x1]
7.00,1,0,/home/ubuntu/hotline_c/btree.c:150,???,btree_node_set,ldp x25  x26  [sp  #0x40]
7.00,1,0,/home/ubuntu/.rustup/toolchains/stable-aarch64-unknown-linux-gnu/lib/rustlib/src/rust/library/core/src/ub_checks.rs:66,???,_ZN4core10intrinsics19copy_nonoverlapping18precondition_check17h5f628d6c4834a8bbE,str x0  [x9  #0x30]
7.00,1,0,/home/ubuntu/library/alloc/src/raw_vec/mod.rs:517,???,_ZN58_$LT$alloc..string..String$u20$as$u20$core..fmt..Write$GT$9write_str17h0b1c80040eecbc3cE,ldr x8  [x0]
6.00,1,0,/usr/lib/aarch64-linux-gnu/malloc/malloc.c:4583,???,???,ldp x27  x28  [sp  #0x50]
2.00,3,0,/usr/lib/aarch64-linux-gnu/../sysdeps/aarch64/multiarch/memcpy_advsimd.S:126,???,???,stp q2  q3  [x5  #-0x20]
2.00,3,0,/usr/lib/aarch64-linux-gnu/../sysdeps/aarch64/multiarch/memcpy_advsimd.S:174,???,???,stp q2  q3  [x3  #0x30]
6.00,1,0,/home/ubuntu/.vscode-server/cli/servers/Stable-2901c5ac6db8a986a5666c3af51ff804d05af0d4/server/node:0xbf29d4,(null),???,???
6.00,1,0,/home/ubuntu/.vscode-server/cli/servers/Stable-2901c5ac6db8a986a5666c3af51ff804d05af0d4/server/node:0x1afe11c,(null),_ZN2v88internal4wasm7fuzzing24GenerateRandomWasmModuleILNS2_27WasmModuleGenerationOptionsE0EEENS_4base6VectorIhEEPNS0_4ZoneENS6_IKhEE,add x0  sp  #0x4d0
6.00,1,0,/home/ubuntu/.vscode-server/cli/servers/Stable-2901c5ac6db8a986a5666c3af51ff804d05af0d4/server/node:0x221f430,(null),_ZN3ada6parser14parse_url_implINS_3urlELb1EEET_St17basic_string_viewIcSt11char_traitsIcEEPKS3_,movz w1  #0x2f
6.00,1,0,/home/ubuntu/.vscode-server/cli/servers/Stable-2901c5ac6db8a986a5666c3af51ff804d05af0d4/server/node:0x2457314,(null),_ZN6icu_7613LocaleBuilder10setVariantENS_11StringPieceE,ldp x21  x22  [sp  #0x20]
2.00,3,0,/home/ubuntu/hotline_c/hotline.c:265,???,add_global_filename,stp x23  x24  [sp  #0x30]
6.00,1,0,/home/ubuntu/hotline_c/hotline.c:389,???,pc_to_file_offset,ldr x4  [x4  x6  lsl #3]
2.00,3,0,/home/ubuntu/hotline_c/hotline.c:528,???,parse_spe_record,str x2  [x1  #8]
2.00,3,0,/home/ubuntu/hotline_c/hotline.c:582,???,process_record_buffer,str x3  [x29  #0x78]
6.00,1,0,/home/ubuntu/hotline_c/hotline.c:896,???,process_aux_record,ldp x21  x22  [sp  #0x20]
2.00,3,0,/home/ubuntu/hotline_c/btree.c:212,???,btree_node_bsearch,stp x29  x30  [sp  #-0x50]!
6.00,1,0,/home/ubuntu/hotline_c/btree.c:230,???,btree_node_bsearch,ldp x19  x20  [sp  #0x10]
6.00,1,0,/home/ubuntu/src/lib.rs:0,???,_ZN4core10intrinsics19copy_nonoverlapping18precondition_check17h5f628d6c4834a8bbE,ldr x0  [sp  #0x18]
2.00,3,0,/home/ubuntu/.cargo/registry/src/index.crates.io-1949cf8c6b5b557f/bitflags-2.4.0/src/lib.rs:633,???,_ZN15perf_event_data5flags1_16InternalBitFlags4bits17h9541c8b4a3847528E,str x8  [sp  #8]
6.00,1,0,/home/ubuntu/.rustup/toolchains/stable-aarch64-unknown-linux-gnu/lib/rustlib/src/rust/library/core/src/ptr/mod.rs:523,???,_ZN4core3ptr46drop_in_place$LT$alloc..vec..Vec$LT$u8$GT$$GT$17h86d9e692c8153ff8E,ldr x30  [sp  #0x20]
2.00,3,0,/home/ubuntu/.rustup/toolchains/stable-aarch64-unknown-linux-gnu/lib/rustlib/src/rust/library/core/src/num/uint_macros.rs:795,???,_ZN91_$LT$core..slice..iter..Iter$LT$T$GT$$u20$as$u20$core..iter..traits..iterator..Iterator$GT$4next17h7b906c1c9f7b29edE,str x8  [sp  #0x40]
